{
    "root_group": {
        "groups": {},
        "checks": {
                "is status 200": {
                    "id": "548d37ca5f33793206f7832e7cea54fb",
                    "passes": 6000,
                    "fails": 0,
                    "name": "is status 200",
                    "path": "::is status 200"
                },
                "body size is valid": {
                    "name": "body size is valid",
                    "path": "::body size is valid",
                    "id": "1a747e93df1f4a19648d1854c33a3b35",
                    "passes": 6000,
                    "fails": 0
                }
            },
        "name": "",
        "path": "",
        "id": "d41d8cd98f00b204e9800998ecf8427e"
    },
    "metrics": {
        "http_req_failed": {
            "fails": 6000,
            "passes": 0,
            "thresholds": {
                "rate<0.05": false
            },
            "value": 0
        },
        "http_req_tls_handshaking": {
            "avg": 0.39590312800000005,
            "min": 0,
            "med": 0,
            "max": 51.638354,
            "p(90)": 0,
            "p(95)": 0
        },
        "http_req_sending": {
            "avg": 0.0809876153333334,
            "min": 0.015308,
            "med": 0.035942,
            "max": 2.394633,
            "p(90)": 0.16461020000000035,
            "p(95)": 0.34358160000000015
        },
        "vus": {
            "value": 100,
            "min": 100,
            "max": 100
        },
        "http_req_waiting": {
            "max": 122.804094,
            "p(90)": 2.0759017000000006,
            "p(95)": 2.4917409500000005,
            "avg": 3.045690084999999,
            "min": 0.668252,
            "med": 1.5561880000000001
        },
        "http_req_connecting": {
            "min": 0,
            "med": 0,
            "max": 36.004188,
            "p(90)": 0,
            "p(95)": 0,
            "avg": 0.07186152966666667
        },
        "vus_max": {
            "value": 100,
            "min": 100,
            "max": 100
        },
        "iteration_duration": {
            "med": 1002.2375495,
            "max": 1137.823434,
            "p(90)": 1003.1659324,
            "p(95)": 1003.7967580999999,
            "avg": 1004.3043571231676,
            "min": 1001.026767
        },
        "iterations": {
            "count": 6000,
            "rate": 99.51121705085819
        },
        "checks": {
            "passes": 12000,
            "fails": 0,
            "value": 1
        },
        "http_req_duration": {
            "med": 1.823222,
            "max": 123.357212,
            "p(90)": 2.6560715,
            "p(95)": 3.414003100000001,
            "avg": 3.380299092166674,
            "min": 0.781653,
            "thresholds": {
                "p(95)<3000": false
            }
        },
        "http_req_blocked": {
            "p(90)": 0.000371,
            "p(95)": 0.000461,
            "avg": 0.5115107529999944,
            "min": 0.00011,
            "med": 0.00026,
            "max": 56.9496
        },
        "data_sent": {
            "count": 373000,
            "rate": 6186.280659995018
        },
        "http_req_duration{expected_response:true}": {
            "max": 123.357212,
            "p(90)": 2.6560715,
            "p(95)": 3.414003100000001,
            "avg": 3.380299092166674,
            "min": 0.781653,
            "med": 1.823222
        },
        "http_reqs": {
            "count": 6000,
            "rate": 99.51121705085819
        },
        "data_received": {
            "count": 16955969,
            "rate": 281218.18524443713
        },
        "http_req_receiving": {
            "avg": 0.25362139183333376,
            "min": 0.013015,
            "med": 0.1360015,
            "max": 3.971377,
            "p(90)": 0.6112658,
            "p(95)": 0.8520450500000002
        }
    }
}