{
    "root_group": {
        "checks": {
            "is status 200": {
                "passes": 6000,
                "fails": 0,
                "name": "is status 200",
                "path": "::is status 200",
                "id": "548d37ca5f33793206f7832e7cea54fb"
            },
            "body size is valid": {
                "id": "1a747e93df1f4a19648d1854c33a3b35",
                "passes": 6000,
                "fails": 0,
                "name": "body size is valid",
                "path": "::body size is valid"
            }
        },
        "name": "",
        "path": "",
        "id": "d41d8cd98f00b204e9800998ecf8427e",
        "groups": {}
    },
    "metrics": {
        "data_received": {
            "rate": 281336.3192301404,
            "count": 16965097
        },
        "http_req_waiting": {
            "p(95)": 2.7058936000000005,
            "avg": 2.206120160666663,
            "min": 1.283564,
            "med": 1.938433,
            "max": 45.296351,
            "p(90)": 2.3701845000000006
        },
        "vus": {
            "value": 100,
            "min": 100,
            "max": 100
        },
        "iterations": {
            "count": 6000,
            "rate": 99.49945558111708
        },
        "http_req_duration{expected_response:true}": {
            "min": 1.468918,
            "med": 2.0752435,
            "max": 45.835319,
            "p(90)": 2.5488506,
            "p(95)": 2.8831514000000005,
            "avg": 2.38367659
        },
        "iteration_duration": {
            "max": 1102.261855,
            "p(90)": 1003.1521630000001,
            "p(95)": 1003.50512695,
            "avg": 1003.9908616963344,
            "min": 1001.588389,
            "med": 1002.4777575
        },
        "http_req_failed": {
            "passes": 0,
            "fails": 6000,
            "thresholds": {
                "rate<0.05": false
            },
            "value": 0
        },
        "http_reqs": {
            "count": 6000,
            "rate": 99.49945558111708
        },
        "http_req_connecting": {
            "p(90)": 0,
            "p(95)": 0,
            "avg": 0.05812126916666666,
            "min": 0,
            "med": 0,
            "max": 6.79125
        },
        "http_req_duration": {
            "p(90)": 2.5488506,
            "p(95)": 2.8831514000000005,
            "avg": 2.38367659,
            "min": 1.468918,
            "med": 2.0752435,
            "max": 45.835319,
            "thresholds": {
                "p(95)<3000": false
            }
        },
        "data_sent": {
            "rate": 6185.549488626111,
            "count": 373000
        },
        "http_req_receiving": {
            "avg": 0.12709609899999966,
            "min": 0.012523,
            "med": 0.06255949999999999,
            "max": 11.265431,
            "p(90)": 0.19623930000000006,
            "p(95)": 0.2921036000000001
        },
        "checks": {
            "passes": 12000,
            "fails": 0,
            "value": 1
        },
        "vus_max": {
            "value": 100,
            "min": 100,
            "max": 100
        },
        "http_req_blocked": {
            "avg": 1.1778836475000012,
            "min": 0.00011,
            "med": 0.000301,
            "max": 99.369317,
            "p(90)": 0.00042,
            "p(95)": 0.000521
        },
        "http_req_tls_handshaking": {
            "p(95)": 0,
            "avg": 0.5122874968333334,
            "min": 0,
            "med": 0,
            "max": 60.33937,
            "p(90)": 0
        },
        "http_req_sending": {
            "p(95)": 0.10792190000000007,
            "avg": 0.05046033033333328,
            "min": 0.01625,
            "med": 0.0375,
            "max": 0.806045,
            "p(90)": 0.07955910000000001
        }
    }
}