{
    "metrics": {
        "vus_max": {
            "value": 100,
            "min": 100,
            "max": 100
        },
        "http_req_sending": {
            "p(95)": 0.3502226500000003,
            "avg": 0.08727142299999978,
            "min": 0.016541,
            "med": 0.036874500000000004,
            "max": 3.10193,
            "p(90)": 0.15622590000000003
        },
        "http_req_connecting": {
            "avg": 0.060179448833333364,
            "min": 0,
            "med": 0,
            "max": 6.724808,
            "p(90)": 0,
            "p(95)": 0
        },
        "http_req_waiting": {
            "avg": 2.7077293231666664,
            "min": 1.460606,
            "med": 2.106155,
            "max": 49.5573,
            "p(90)": 2.9062953,
            "p(95)": 3.7232545000000004
        },
        "checks": {
            "passes": 12000,
            "fails": 0,
            "value": 1
        },
        "data_sent": {
            "count": 373000,
            "rate": 6186.530034324404
        },
        "http_reqs": {
            "count": 6000,
            "rate": 99.51522843417273
        },
        "http_req_failed": {
            "passes": 0,
            "fails": 6000,
            "thresholds": {
                "rate<0.05": false
            },
            "value": 0
        },
        "http_req_blocked": {
            "p(90)": 0.000401,
            "p(95)": 0.000491,
            "avg": 0.8753379536666563,
            "min": 0.00011,
            "med": 0.00028,
            "max": 79.629431
        },
        "vus": {
            "value": 100,
            "min": 100,
            "max": 100
        },
        "http_req_duration": {
            "avg": 3.097918826500003,
            "min": 1.688505,
            "med": 2.3237615,
            "max": 54.480476,
            "p(90)": 3.6552199,
            "p(95)": 5.044432250000002,
            "thresholds": {
                "p(95)<3000": false
            }
        },
        "http_req_duration{expected_response:true}": {
            "p(95)": 5.044432250000002,
            "avg": 3.097918826500003,
            "min": 1.688505,
            "med": 2.3237615,
            "max": 54.480476,
            "p(90)": 3.6552199
        },
        "iterations": {
            "count": 6000,
            "rate": 99.51522843417273
        },
        "iteration_duration": {
            "p(90)": 1004.3322691,
            "p(95)": 1006.581261,
            "avg": 1004.4393251979978,
            "min": 1001.814234,
            "med": 1002.7564064999999,
            "max": 1089.571355
        },
        "http_req_tls_handshaking": {
            "med": 0,
            "max": 52.185708,
            "p(90)": 0,
            "p(95)": 0,
            "avg": 0.43148982133333325,
            "min": 0
        },
        "http_req_receiving": {
            "avg": 0.3029180803333338,
            "min": 0.013756,
            "med": 0.1116125,
            "max": 8.273394,
            "p(90)": 0.682293,
            "p(95)": 1.05285655
        },
        "data_received": {
            "rate": 281339.56864973536,
            "count": 16962604
        }
    },
    "root_group": {
        "name": "",
        "path": "",
        "id": "d41d8cd98f00b204e9800998ecf8427e",
        "groups": {},
        "checks": {
                "is status 200": {
                    "name": "is status 200",
                    "path": "::is status 200",
                    "id": "548d37ca5f33793206f7832e7cea54fb",
                    "passes": 6000,
                    "fails": 0
                },
                "body size is valid": {
                    "name": "body size is valid",
                    "path": "::body size is valid",
                    "id": "1a747e93df1f4a19648d1854c33a3b35",
                    "passes": 6000,
                    "fails": 0
                }
            }
    }
}