{
    "root_group": {
        "id": "d41d8cd98f00b204e9800998ecf8427e",
        "groups": {},
        "checks": {
                "is status 200": {
                    "path": "::is status 200",
                    "id": "548d37ca5f33793206f7832e7cea54fb",
                    "passes": 6000,
                    "fails": 0,
                    "name": "is status 200"
                },
                "body size is valid": {
                    "path": "::body size is valid",
                    "id": "1a747e93df1f4a19648d1854c33a3b35",
                    "passes": 6000,
                    "fails": 0,
                    "name": "body size is valid"
                }
            },
        "name": "",
        "path": ""
    },
    "metrics": {
        "http_req_blocked": {
            "min": 0.00008,
            "med": 0.000201,
            "max": 59.473205,
            "p(90)": 0.00027,
            "p(95)": 0.000321,
            "avg": 0.6508062205000014
        },
        "data_sent": {
            "count": 373000,
            "rate": 6186.143296482169
        },
        "data_received": {
            "count": 16977212,
            "rate": 281564.2525650312
        },
        "http_req_tls_handshaking": {
            "p(90)": 0,
            "p(95)": 0,
            "avg": 0.33030537433333335,
            "min": 0,
            "med": 0,
            "max": 38.855397
        },
        "vus": {
            "value": 100,
            "min": 100,
            "max": 100
        },
        "http_req_connecting": {
            "min": 0,
            "med": 0,
            "max": 5.132974,
            "p(90)": 0,
            "p(95)": 0,
            "avg": 0.053780006499999984
        },
        "checks": {
            "passes": 12000,
            "fails": 0,
            "value": 1
        },
        "iteration_duration": {
            "avg": 1003.8947241129999,
            "min": 1001.698171,
            "med": 1002.6160785,
            "max": 1066.900216,
            "p(90)": 1003.8783605,
            "p(95)": 1005.5168745999999
        },
        "vus_max": {
            "max": 100,
            "value": 100,
            "min": 100
        },
        "http_reqs": {
            "count": 6000,
            "rate": 99.50900745011532
        },
        "http_req_sending": {
            "avg": 0.07015905916666658,
            "min": 0.009635,
            "med": 0.024627,
            "max": 6.665824,
            "p(90)": 0.14468410000000007,
            "p(95)": 0.3210292000000004
        },
        "http_req_failed": {
            "passes": 0,
            "fails": 6000,
            "thresholds": {
                "rate<0.05": false
            },
            "value": 0
        },
        "http_req_receiving": {
            "avg": 0.21942926250000014,
            "min": 0.007972,
            "med": 0.101853,
            "max": 5.557826,
            "p(90)": 0.5174330000000004,
            "p(95)": 0.8453995500000002
        },
        "iterations": {
            "count": 6000,
            "rate": 99.50900745011532
        },
        "http_req_duration": {
            "med": 2.2350035000000004,
            "max": 41.425098,
            "p(90)": 3.216838400000002,
            "p(95)": 4.697860050000002,
            "avg": 2.8053757541666617,
            "min": 1.57226,
            "thresholds": {
                "p(95)<3000": false
            }
        },
        "http_req_duration{expected_response:true}": {
            "p(90)": 3.216838400000002,
            "p(95)": 4.697860050000002,
            "avg": 2.8053757541666617,
            "min": 1.57226,
            "med": 2.2350035000000004,
            "max": 41.425098
        },
        "http_req_waiting": {
            "avg": 2.5157874325000074,
            "min": 1.49895,
            "med": 2.0490700000000004,
            "max": 40.342773,
            "p(90)": 2.5743938,
            "p(95)": 3.529242050000001
        }
    }
}