{
    "root_group": {
        "name": "",
        "path": "",
        "id": "d41d8cd98f00b204e9800998ecf8427e",
        "groups": {},
        "checks": {
                "is status 200": {
                    "name": "is status 200",
                    "path": "::is status 200",
                    "id": "548d37ca5f33793206f7832e7cea54fb",
                    "passes": 6000,
                    "fails": 0
                },
                "body size is valid": {
                    "id": "1a747e93df1f4a19648d1854c33a3b35",
                    "passes": 6000,
                    "fails": 0,
                    "name": "body size is valid",
                    "path": "::body size is valid"
                }
            }
    },
    "metrics": {
        "http_req_sending": {
            "p(90)": 0.07147990000000001,
            "p(95)": 0.10616255000000001,
            "avg": 0.04277355166666671,
            "min": 0.012168,
            "med": 0.0314025,
            "max": 2.488357
        },
        "checks": {
            "passes": 12000,
            "fails": 0,
            "value": 1
        },
        "iterations": {
            "rate": 99.53259363145308,
            "count": 6000
        },
        "http_req_tls_handshaking": {
            "p(90)": 0,
            "p(95)": 0,
            "avg": 0.6370586201666667,
            "min": 0,
            "med": 0,
            "max": 84.337675
        },
        "vus": {
            "value": 100,
            "min": 100,
            "max": 100
        },
        "http_req_blocked": {
            "max": 118.485541,
            "p(90)": 0.00035,
            "p(95)": 0.000431,
            "avg": 1.2548140444999905,
            "min": 0.00011,
            "med": 0.000261
        },
        "iteration_duration": {
            "max": 1121.033863,
            "p(90)": 1003.1769415,
            "p(95)": 1003.5523076,
            "avg": 1004.2391740359973,
            "min": 1001.816467,
            "med": 1002.5068625
        },
        "http_req_connecting": {
            "min": 0,
            "med": 0,
            "max": 22.207383,
            "p(90)": 0,
            "p(95)": 0,
            "avg": 0.12043404349999999
        },
        "data_received": {
            "count": 16971313,
            "rate": 281533.1333701995
        },
        "http_req_waiting": {
            "avg": 2.430077771333341,
            "min": 0.447145,
            "med": 2.017169,
            "max": 71.384856,
            "p(90)": 2.346776,
            "p(95)": 2.681933
        },
        "http_req_duration": {
            "p(90)": 2.5044914,
            "p(95)": 2.9309191500000016,
            "avg": 2.583850213666673,
            "min": 1.688587,
            "med": 2.144792,
            "max": 71.936309,
            "thresholds": {
                "p(95)<3000": false
            }
        },
        "data_sent": {
            "count": 373000,
            "rate": 6187.609570755333
        },
        "vus_max": {
            "min": 100,
            "max": 100,
            "value": 100
        },
        "http_req_receiving": {
            "p(95)": 0.27426160000000016,
            "avg": 0.11099889066666681,
            "min": 0.012579,
            "med": 0.0591695,
            "max": 6.584142,
            "p(90)": 0.19415200000000005
        },
        "http_req_failed": {
            "passes": 0,
            "fails": 6000,
            "thresholds": {
                "rate<0.05": false
            },
            "value": 0
        },
        "http_reqs": {
            "rate": 99.53259363145308,
            "count": 6000
        },
        "http_req_duration{expected_response:true}": {
            "med": 2.144792,
            "max": 71.936309,
            "p(90)": 2.5044914,
            "p(95)": 2.9309191500000016,
            "avg": 2.583850213666673,
            "min": 1.688587
        }
    }
}