{
    "metrics": {
        "http_req_failed": {
            "passes": 0,
            "fails": 6000,
            "thresholds": {
                "rate<0.05": false
            },
            "value": 0
        },
        "vus": {
            "value": 100,
            "min": 100,
            "max": 100
        },
        "iterations": {
            "count": 6000,
            "rate": 99.38597679318987
        },
        "http_req_blocked": {
            "p(95)": 0.0004214500000000016,
            "avg": 0.700587562499995,
            "min": 0.00012,
            "med": 0.000301,
            "max": 68.989779,
            "p(90)": 0.00039
        },
        "data_sent": {
            "rate": 6178.494890643303,
            "count": 373000
        },
        "iteration_duration": {
            "med": 1003.215787,
            "max": 1072.949195,
            "p(90)": 1005.5415386999999,
            "p(95)": 1008.4526211,
            "avg": 1004.8076165918328,
            "min": 1001.94026
        },
        "checks": {
            "passes": 12000,
            "fails": 0,
            "value": 1
        },
        "http_req_duration{expected_response:true}": {
            "avg": 3.688961463333332,
            "min": 1.739146,
            "med": 2.800815,
            "max": 54.160969,
            "p(90)": 4.9873959,
            "p(95)": 7.49315055
        },
        "http_reqs": {
            "count": 6000,
            "rate": 99.38597679318987
        },
        "http_req_connecting": {
            "p(95)": 0,
            "avg": 0.06871284216666665,
            "min": 0,
            "med": 0,
            "max": 9.094538,
            "p(90)": 0
        },
        "http_req_receiving": {
            "med": 0.053262000000000004,
            "max": 10.459062,
            "p(90)": 0.14980220000000014,
            "p(95)": 0.20093610000000015,
            "avg": 0.09101716783333329,
            "min": 0.014718
        },
        "vus_max": {
            "value": 100,
            "min": 100,
            "max": 100
        },
        "data_received": {
            "count": 16938334,
            "rate": 280572.14497321646
        },
        "http_req_duration": {
            "avg": 3.688961463333332,
            "min": 1.739146,
            "med": 2.800815,
            "max": 54.160969,
            "p(90)": 4.9873959,
            "p(95)": 7.49315055,
            "thresholds": {
                "p(95)<3000": false
            }
        },
        "http_req_waiting": {
            "avg": 3.5522356203333225,
            "min": 1.647395,
            "med": 2.692073,
            "max": 52.395844,
            "p(90)": 4.8661202,
            "p(95)": 7.334144600000007
        },
        "http_req_sending": {
            "avg": 0.045708675166666615,
            "min": 0.014728,
            "med": 0.035016,
            "max": 42.328229,
            "p(90)": 0.051567,
            "p(95)": 0.065864
        },
        "http_req_tls_handshaking": {
            "avg": 0.5442529720000001,
            "min": 0,
            "med": 0,
            "max": 60.676146,
            "p(90)": 0,
            "p(95)": 0
        }
    },
    "root_group": {
        "name": "",
        "path": "",
        "id": "d41d8cd98f00b204e9800998ecf8427e",
        "groups": {},
        "checks": {
                "is status 200": {
                    "path": "::is status 200",
                    "id": "548d37ca5f33793206f7832e7cea54fb",
                    "passes": 6000,
                    "fails": 0,
                    "name": "is status 200"
                },
                "body size is valid": {
                    "path": "::body size is valid",
                    "id": "1a747e93df1f4a19648d1854c33a3b35",
                    "passes": 6000,
                    "fails": 0,
                    "name": "body size is valid"
                }
            }
    }
}