{
    "root_group": {
        "name": "",
        "path": "",
        "id": "d41d8cd98f00b204e9800998ecf8427e",
        "groups": {},
        "checks": {
                "is status 200": {
                    "id": "548d37ca5f33793206f7832e7cea54fb",
                    "passes": 6000,
                    "fails": 0,
                    "name": "is status 200",
                    "path": "::is status 200"
                },
                "body size is valid": {
                    "name": "body size is valid",
                    "path": "::body size is valid",
                    "id": "1a747e93df1f4a19648d1854c33a3b35",
                    "passes": 6000,
                    "fails": 0
                }
            }
    },
    "metrics": {
        "http_req_connecting": {
            "min": 0,
            "med": 0,
            "max": 39.232986,
            "p(90)": 0,
            "p(95)": 0,
            "avg": 0.09605442883333333
        },
        "http_req_tls_handshaking": {
            "min": 0,
            "med": 0,
            "max": 53.074632,
            "p(90)": 0,
            "p(95)": 0,
            "avg": 0.41697644433333336
        },
        "vus": {
            "min": 100,
            "max": 100,
            "value": 100
        },
        "data_received": {
            "count": 16950909,
            "rate": 280864.2959104824
        },
        "http_reqs": {
            "count": 6000,
            "rate": 99.41565820823499
        },
        "iterations": {
            "count": 6000,
            "rate": 99.41565820823499
        },
        "http_req_duration{expected_response:true}": {
            "avg": 4.257868263333327,
            "min": 0.926884,
            "med": 1.7671709999999998,
            "max": 198.307128,
            "p(90)": 2.5429910000000007,
            "p(95)": 3.09843775
        },
        "http_req_blocked": {
            "avg": 0.7024448226666611,
            "min": 0.00011,
            "med": 0.000281,
            "max": 68.936286,
            "p(90)": 0.000411,
            "p(95)": 0.000521
        },
        "iteration_duration": {
            "med": 1002.1609745000001,
            "max": 1218.258659,
            "p(90)": 1003.0877463999999,
            "p(95)": 1003.6283188000001,
            "avg": 1005.3667442525033,
            "min": 1001.153485
        },
        "http_req_waiting": {
            "max": 197.95596,
            "p(90)": 2.1108114000000007,
            "p(95)": 2.4537226500000004,
            "avg": 3.990638497833326,
            "min": 0.768218,
            "med": 1.5351460000000001
        },
        "http_req_failed": {
            "passes": 0,
            "fails": 6000,
            "thresholds": {
                "rate<0.05": false
            },
            "value": 0
        },
        "http_req_sending": {
            "avg": 0.07516966100000008,
            "min": 0.01656,
            "med": 0.0371795,
            "max": 5.470184,
            "p(90)": 0.12427120000000008,
            "p(95)": 0.27529155000000016
        },
        "vus_max": {
            "value": 100,
            "min": 100,
            "max": 100
        },
        "checks": {
            "passes": 12000,
            "fails": 0,
            "value": 1
        },
        "data_sent": {
            "count": 373000,
            "rate": 6180.340085278608
        },
        "http_req_receiving": {
            "avg": 0.19206010449999944,
            "min": 0.012233,
            "med": 0.10383400000000001,
            "max": 2.552602,
            "p(90)": 0.45498860000000024,
            "p(95)": 0.65101745
        },
        "http_req_duration": {
            "avg": 4.257868263333327,
            "min": 0.926884,
            "med": 1.7671709999999998,
            "max": 198.307128,
            "p(90)": 2.5429910000000007,
            "p(95)": 3.09843775,
            "thresholds": {
                "p(95)<3000": false
            }
        }
    }
}