{
    "root_group": {
        "name": "",
        "path": "",
        "id": "d41d8cd98f00b204e9800998ecf8427e",
        "groups": {},
        "checks": {
                "is status 200": {
                    "name": "is status 200",
                    "path": "::is status 200",
                    "id": "548d37ca5f33793206f7832e7cea54fb",
                    "passes": 6000,
                    "fails": 0
                },
                "body size is valid": {
                    "path": "::body size is valid",
                    "id": "1a747e93df1f4a19648d1854c33a3b35",
                    "passes": 6000,
                    "fails": 0,
                    "name": "body size is valid"
                }
            }
    },
    "metrics": {
        "vus": {
            "value": 100,
            "min": 100,
            "max": 100
        },
        "data_sent": {
            "rate": 6185.323302143265,
            "count": 373000
        },
        "iteration_duration": {
            "max": 1137.279041,
            "p(90)": 1002.9946640000001,
            "p(95)": 1003.5185642,
            "avg": 1004.42401311783,
            "min": 1001.052595,
            "med": 1002.1782000000001
        },
        "vus_max": {
            "min": 100,
            "max": 100,
            "value": 100
        },
        "checks": {
            "passes": 12000,
            "fails": 0,
            "value": 1
        },
        "http_req_duration{expected_response:true}": {
            "med": 1.8127635,
            "max": 123.460394,
            "p(90)": 2.6038237,
            "p(95)": 3.0357281,
            "avg": 3.4671936931666605,
            "min": 0.867523
        },
        "http_req_receiving": {
            "max": 4.493168,
            "p(90)": 0.455102,
            "p(95)": 0.6640886000000003,
            "avg": 0.18605979983333337,
            "min": 0.012584,
            "med": 0.098581
        },
        "http_req_connecting": {
            "avg": 0.07073031349999999,
            "min": 0,
            "med": 0,
            "max": 9.140553,
            "p(90)": 0,
            "p(95)": 0
        },
        "http_req_sending": {
            "min": 0.014898,
            "med": 0.034559,
            "max": 2.482069,
            "p(90)": 0.1203127000000001,
            "p(95)": 0.25219155000000026,
            "avg": 0.0663858001666667
        },
        "http_req_blocked": {
            "avg": 0.5987314859999937,
            "min": 0.00011,
            "med": 0.00027,
            "max": 63.360731,
            "p(90)": 0.000371,
            "p(95)": 0.000461
        },
        "data_received": {
            "count": 16945048,
            "rate": 280993.56635478855
        },
        "http_req_failed": {
            "passes": 0,
            "fails": 6000,
            "thresholds": {
                "rate<0.05": false
            },
            "value": 0
        },
        "http_req_waiting": {
            "avg": 3.214748093166675,
            "min": 0,
            "med": 1.6018210000000002,
            "max": 122.787443,
            "p(90)": 2.136142000000001,
            "p(95)": 2.5709199000000003
        },
        "http_reqs": {
            "rate": 99.49581719265306,
            "count": 6000
        },
        "http_req_tls_handshaking": {
            "avg": 0.42734458316666646,
            "min": 0,
            "med": 0,
            "max": 53.330878,
            "p(90)": 0,
            "p(95)": 0
        },
        "iterations": {
            "count": 6000,
            "rate": 99.49581719265306
        },
        "http_req_duration": {
            "p(90)": 2.6038237,
            "p(95)": 3.0357281,
            "avg": 3.4671936931666605,
            "min": 0.867523,
            "med": 1.8127635,
            "max": 123.460394,
            "thresholds": {
                "p(95)<3000": false
            }
        }
    }
}