{
    "root_group": {
        "name": "",
        "path": "",
        "id": "d41d8cd98f00b204e9800998ecf8427e",
        "groups": {},
        "checks": {
                "is status 200": {
                    "name": "is status 200",
                    "path": "::is status 200",
                    "id": "548d37ca5f33793206f7832e7cea54fb",
                    "passes": 6000,
                    "fails": 0
                },
                "body size is valid": {
                    "name": "body size is valid",
                    "path": "::body size is valid",
                    "id": "1a747e93df1f4a19648d1854c33a3b35",
                    "passes": 6000,
                    "fails": 0
                }
            }
    },
    "metrics": {
        "http_req_waiting": {
            "max": 93.88198,
            "p(90)": 1.9021437,
            "p(95)": 2.1023545500000003,
            "avg": 2.0398915705000005,
            "min": 0.748624,
            "med": 1.4200105
        },
        "vus_max": {
            "value": 100,
            "min": 100,
            "max": 100
        },
        "iteration_duration": {
            "avg": 1003.3036478201683,
            "min": 1000.952996,
            "med": 1002.06746,
            "max": 1111.983152,
            "p(90)": 1002.7454209,
            "p(95)": 1003.1225583
        },
        "http_req_receiving": {
            "p(90)": 0.2650892000000001,
            "p(95)": 0.36318605000000004,
            "avg": 0.13251891716666708,
            "min": 0.012994,
            "med": 0.069249,
            "max": 8.478628
        },
        "checks": {
            "passes": 12000,
            "fails": 0,
            "value": 1
        },
        "data_sent": {
            "count": 373000,
            "rate": 6187.783563929526
        },
        "data_received": {
            "count": 16958702,
            "rate": 281331.84316669917
        },
        "http_req_connecting": {
            "avg": 0.08340026416666671,
            "min": 0,
            "med": 0,
            "max": 12.796077,
            "p(90)": 0,
            "p(95)": 0
        },
        "iterations": {
            "count": 6000,
            "rate": 99.53539244926853
        },
        "http_req_duration{expected_response:true}": {
            "max": 93.998597,
            "p(90)": 2.1178293,
            "p(95)": 2.35842285,
            "avg": 2.225006036666662,
            "min": 0.817141,
            "med": 1.581893
        },
        "http_req_sending": {
            "avg": 0.05259554899999979,
            "min": 0.012785,
            "med": 0.035091,
            "max": 4.821369,
            "p(90)": 0.07948040000000002,
            "p(95)": 0.13400600000000004
        },
        "vus": {
            "max": 100,
            "value": 100,
            "min": 100
        },
        "http_reqs": {
            "count": 6000,
            "rate": 99.53539244926853
        },
        "http_req_blocked": {
            "avg": 0.5972690121666597,
            "min": 0.00011,
            "med": 0.00028,
            "max": 63.70708,
            "p(90)": 0.00039,
            "p(95)": 0.000471
        },
        "http_req_tls_handshaking": {
            "p(90)": 0,
            "p(95)": 0,
            "avg": 0.45464447366666655,
            "min": 0,
            "med": 0,
            "max": 57.465843
        },
        "http_req_duration": {
            "p(95)": 2.35842285,
            "avg": 2.225006036666662,
            "min": 0.817141,
            "med": 1.581893,
            "max": 93.998597,
            "p(90)": 2.1178293,
            "thresholds": {
                "p(95)<3000": false
            }
        },
        "http_req_failed": {
            "passes": 0,
            "fails": 6000,
            "thresholds": {
                "rate<0.05": false
            },
            "value": 0
        }
    }
}