{
    "metrics": {
        "http_reqs": {
            "count": 6000,
            "rate": 99.18152391676166
        },
        "http_req_tls_handshaking": {
            "p(95)": 0,
            "avg": 0.4806737468333334,
            "min": 0,
            "med": 0,
            "max": 58.007868,
            "p(90)": 0
        },
        "data_sent": {
            "count": 373000,
            "rate": 6165.78473682535
        },
        "http_req_failed": {
            "passes": 0,
            "fails": 6000,
            "thresholds": {
                "rate<0.05": false
            },
            "value": 0
        },
        "http_req_duration{expected_response:true}": {
            "min": 1.798931,
            "med": 3.0846795,
            "max": 104.624955,
            "p(90)": 6.299874100000001,
            "p(95)": 9.081299900000001,
            "avg": 4.301680008500007
        },
        "http_req_duration": {
            "avg": 4.301680008500007,
            "min": 1.798931,
            "med": 3.0846795,
            "max": 104.624955,
            "p(90)": 6.299874100000001,
            "p(95)": 9.081299900000001,
            "thresholds": {
                "p(95)<3000": false
            }
        },
        "data_received": {
            "count": 16941426,
            "rate": 280046.07466717466
        },
        "http_req_sending": {
            "avg": 0.03957775549999996,
            "min": 0.013761,
            "med": 0.033671,
            "max": 11.942896,
            "p(90)": 0.04898710000000001,
            "p(95)": 0.06685395000000001
        },
        "http_req_blocked": {
            "avg": 0.7398017828333191,
            "min": 0.00012,
            "med": 0.000281,
            "max": 73.821091,
            "p(90)": 0.000371,
            "p(95)": 0.000441
        },
        "vus": {
            "value": 100,
            "min": 100,
            "max": 100
        },
        "http_req_waiting": {
            "med": 2.9749055,
            "max": 104.514189,
            "p(90)": 6.1807382,
            "p(95)": 8.883512650000009,
            "avg": 4.164384107166668,
            "min": 1.729019
        },
        "iterations": {
            "count": 6000,
            "rate": 99.18152391676166
        },
        "http_req_receiving": {
            "avg": 0.09771814583333319,
            "min": 0.013019,
            "med": 0.048507499999999995,
            "max": 19.714386,
            "p(90)": 0.13467100000000007,
            "p(95)": 0.17985500000000001
        },
        "iteration_duration": {
            "p(90)": 1006.8875176,
            "p(95)": 1010.39414895,
            "avg": 1005.4945229709975,
            "min": 1001.952087,
            "med": 1003.5847385,
            "max": 1113.545221
        },
        "http_req_connecting": {
            "avg": 0.07489499566666663,
            "min": 0,
            "med": 0,
            "max": 7.993251,
            "p(90)": 0,
            "p(95)": 0
        },
        "checks": {
            "passes": 12000,
            "fails": 0,
            "value": 1
        },
        "vus_max": {
            "value": 100,
            "min": 100,
            "max": 100
        }
    },
    "root_group": {
        "id": "d41d8cd98f00b204e9800998ecf8427e",
        "groups": {},
        "checks": {
                "is status 200": {
                    "path": "::is status 200",
                    "id": "548d37ca5f33793206f7832e7cea54fb",
                    "passes": 6000,
                    "fails": 0,
                    "name": "is status 200"
                },
                "body size is valid": {
                    "path": "::body size is valid",
                    "id": "1a747e93df1f4a19648d1854c33a3b35",
                    "passes": 6000,
                    "fails": 0,
                    "name": "body size is valid"
                }
            },
        "name": "",
        "path": ""
    }
}