{
    "root_group": {
        "name": "",
        "path": "",
        "id": "d41d8cd98f00b204e9800998ecf8427e",
        "groups": {},
        "checks": {
                "is status 200": {
                    "fails": 0,
                    "name": "is status 200",
                    "path": "::is status 200",
                    "id": "548d37ca5f33793206f7832e7cea54fb",
                    "passes": 6000
                },
                "body size is valid": {
                    "name": "body size is valid",
                    "path": "::body size is valid",
                    "id": "1a747e93df1f4a19648d1854c33a3b35",
                    "passes": 6000,
                    "fails": 0
                }
            }
    },
    "metrics": {
        "http_req_receiving": {
            "avg": 0.09935600950000006,
            "min": 0.012088,
            "med": 0.050284,
            "max": 7.83098,
            "p(90)": 0.15067510000000003,
            "p(95)": 0.211433
        },
        "http_req_failed": {
            "passes": 0,
            "fails": 6000,
            "thresholds": {
                "rate<0.05": false
            },
            "value": 0
        },
        "http_req_connecting": {
            "avg": 0.11752592916666667,
            "min": 0,
            "med": 0,
            "max": 9.15749,
            "p(90)": 0,
            "p(95)": 0
        },
        "http_req_duration": {
            "p(90)": 6.440033700000001,
            "p(95)": 6.92796505,
            "avg": 6.304093860000004,
            "min": 5.227162,
            "med": 5.915452,
            "max": 55.740535,
            "thresholds": {
                "p(95)<3000": false
            }
        },
        "data_sent": {
            "rate": 6164.279897343394,
            "count": 373000
        },
        "http_req_waiting": {
            "min": 5.113655,
            "med": 5.806100499999999,
            "max": 53.694063,
            "p(90)": 6.320460100000001,
            "p(95)": 6.778053000000001,
            "avg": 6.1628937878333305
        },
        "data_received": {
            "count": 16962590,
            "rate": 280327.4867128099
        },
        "iterations": {
            "count": 6000,
            "rate": 99.15731738353985
        },
        "vus": {
            "max": 100,
            "value": 100,
            "min": 100
        },
        "http_reqs": {
            "count": 6000,
            "rate": 99.15731738353985
        },
        "http_req_blocked": {
            "med": 0.000261,
            "max": 76.966763,
            "p(90)": 0.00036,
            "p(95)": 0.000461,
            "avg": 0.7004101866666508,
            "min": 0.00011
        },
        "http_req_sending": {
            "med": 0.032147,
            "max": 0.626074,
            "p(90)": 0.06623100000000001,
            "p(95)": 0.10236650000000001,
            "avg": 0.04184406266666672,
            "min": 0.013059
        },
        "http_req_tls_handshaking": {
            "max": 58.119537,
            "p(90)": 0,
            "p(95)": 0,
            "avg": 0.4877733513333332,
            "min": 0,
            "med": 0
        },
        "http_req_duration{expected_response:true}": {
            "p(95)": 6.92796505,
            "avg": 6.304093860000004,
            "min": 5.227162,
            "med": 5.915452,
            "max": 55.740535,
            "p(90)": 6.440033700000001
        },
        "vus_max": {
            "value": 100,
            "min": 100,
            "max": 100
        },
        "iteration_duration": {
            "min": 1005.373395,
            "med": 1006.2814344999999,
            "max": 1084.05608,
            "p(90)": 1007.0886565,
            "p(95)": 1007.55499205,
            "avg": 1007.4160049061687
        },
        "checks": {
            "fails": 0,
            "passes": 12000,
            "value": 1
        }
    }
}