{
    "root_group": {
        "groups": {},
        "checks": {
                "is status 200": {
                    "id": "548d37ca5f33793206f7832e7cea54fb",
                    "passes": 6000,
                    "fails": 0,
                    "name": "is status 200",
                    "path": "::is status 200"
                },
                "body size is valid": {
                    "name": "body size is valid",
                    "path": "::body size is valid",
                    "id": "1a747e93df1f4a19648d1854c33a3b35",
                    "passes": 6000,
                    "fails": 0
                }
            },
        "name": "",
        "path": "",
        "id": "d41d8cd98f00b204e9800998ecf8427e"
    },
    "metrics": {
        "http_req_sending": {
            "avg": 0.08632378099999975,
            "min": 0.015379,
            "med": 0.0369785,
            "max": 7.754177,
            "p(90)": 0.17523,
            "p(95)": 0.3584011000000002
        },
        "vus": {
            "value": 100,
            "min": 100,
            "max": 100
        },
        "http_req_duration{expected_response:true}": {
            "avg": 3.026922292333334,
            "min": 1.603603,
            "med": 2.3730494999999996,
            "max": 58.967194,
            "p(90)": 3.4181309,
            "p(95)": 4.1992991
        },
        "checks": {
            "passes": 12000,
            "fails": 0,
            "value": 1
        },
        "data_sent": {
            "count": 373000,
            "rate": 6188.357443731577
        },
        "http_req_duration": {
            "p(90)": 3.4181309,
            "p(95)": 4.1992991,
            "avg": 3.026922292333334,
            "min": 1.603603,
            "med": 2.3730494999999996,
            "max": 58.967194,
            "thresholds": {
                "p(95)<3000": false
            }
        },
        "iterations": {
            "count": 6000,
            "rate": 99.54462375975727
        },
        "iteration_duration": {
            "avg": 1004.3187166533328,
            "min": 1001.738579,
            "med": 1002.8361525,
            "max": 1087.262036,
            "p(90)": 1003.9789008,
            "p(95)": 1004.8157340500001
        },
        "http_req_failed": {
            "passes": 0,
            "fails": 6000,
            "thresholds": {
                "rate<0.05": false
            },
            "value": 0
        },
        "http_req_waiting": {
            "avg": 2.663731631166654,
            "min": 0.458273,
            "med": 2.116069,
            "max": 57.588942,
            "p(90)": 2.7790967,
            "p(95)": 3.2422278500000004
        },
        "http_req_tls_handshaking": {
            "avg": 0.48577232833333334,
            "min": 0,
            "med": 0,
            "max": 60.861582,
            "p(90)": 0,
            "p(95)": 0
        },
        "http_req_receiving": {
            "med": 0.1363835,
            "max": 7.408582,
            "p(90)": 0.6399358,
            "p(95)": 0.9597271500000002,
            "avg": 0.27686688016666683,
            "min": 0.012674
        },
        "vus_max": {
            "value": 100,
            "min": 100,
            "max": 100
        },
        "http_reqs": {
            "count": 6000,
            "rate": 99.54462375975727
        },
        "data_received": {
            "count": 16977946,
            "rate": 281677.207797246
        },
        "http_req_connecting": {
            "avg": 0.073218262,
            "min": 0,
            "med": 0,
            "max": 21.535805,
            "p(90)": 0,
            "p(95)": 0
        },
        "http_req_blocked": {
            "min": 0.00011,
            "med": 0.000261,
            "max": 85.055653,
            "p(90)": 0.0004,
            "p(95)": 0.000501,
            "avg": 0.8705806348333326
        }
    }
}