{
    "root_group": {
        "name": "",
        "path": "",
        "id": "d41d8cd98f00b204e9800998ecf8427e",
        "groups": {},
        "checks": {
                "is status 200": {
                    "passes": 6000,
                    "fails": 0,
                    "name": "is status 200",
                    "path": "::is status 200",
                    "id": "548d37ca5f33793206f7832e7cea54fb"
                },
                "body size is valid": {
                    "passes": 6000,
                    "fails": 0,
                    "name": "body size is valid",
                    "path": "::body size is valid",
                    "id": "1a747e93df1f4a19648d1854c33a3b35"
                }
            }
    },
    "metrics": {
        "http_req_duration": {
            "max": 122.517452,
            "p(90)": 2.512001700000001,
            "p(95)": 2.95473265,
            "avg": 3.494629936000006,
            "min": 0.95388,
            "med": 1.862527,
            "thresholds": {
                "p(95)<3000": false
            }
        },
        "vus": {
            "value": 100,
            "min": 100,
            "max": 100
        },
        "iterations": {
            "count": 6000,
            "rate": 99.50093793161153
        },
        "http_req_tls_handshaking": {
            "avg": 0.3969059275,
            "min": 0,
            "med": 0,
            "max": 52.496252,
            "p(90)": 0,
            "p(95)": 0
        },
        "http_req_sending": {
            "min": 0.013014,
            "med": 0.0349355,
            "max": 1.4724,
            "p(90)": 0.0776459,
            "p(95)": 0.15362550000000003,
            "avg": 0.052692798333333346
        },
        "data_received": {
            "count": 16953105,
            "rate": 281141.64139218215
        },
        "http_req_blocked": {
            "med": 0.00028,
            "max": 58.373188,
            "p(90)": 0.000371,
            "p(95)": 0.000421,
            "avg": 0.5204759536666598,
            "min": 0.00011
        },
        "http_req_connecting": {
            "avg": 0.07445399049999998,
            "min": 0,
            "med": 0,
            "max": 9.503477,
            "p(90)": 0,
            "p(95)": 0
        },
        "http_reqs": {
            "count": 6000,
            "rate": 99.50093793161153
        },
        "http_req_duration{expected_response:true}": {
            "med": 1.862527,
            "max": 122.517452,
            "p(90)": 2.512001700000001,
            "p(95)": 2.95473265,
            "avg": 3.494629936000006,
            "min": 0.95388
        },
        "http_req_receiving": {
            "avg": 0.13890369649999973,
            "min": 0.012343,
            "med": 0.0706015,
            "max": 6.278219,
            "p(90)": 0.32501780000000013,
            "p(95)": 0.5032145
        },
        "vus_max": {
            "min": 100,
            "max": 100,
            "value": 100
        },
        "http_req_waiting": {
            "avg": 3.3030334411666566,
            "min": 0.864774,
            "med": 1.6934330000000002,
            "max": 121.03014,
            "p(90)": 2.243075,
            "p(95)": 2.6123083
        },
        "http_req_failed": {
            "passes": 0,
            "fails": 6000,
            "thresholds": {
                "rate<0.05": false
            },
            "value": 0
        },
        "checks": {
            "passes": 12000,
            "fails": 0,
            "value": 1
        },
        "data_sent": {
            "count": 373000,
            "rate": 6185.641641415184
        },
        "iteration_duration": {
            "med": 1002.1713225,
            "max": 1133.512619,
            "p(90)": 1003.0180525,
            "p(95)": 1003.46657155,
            "avg": 1004.3617590256647,
            "min": 1001.090228
        }
    }
}